Desiree Schneider,748-84-5544,"9951 Wallace Common Apt. 849
Lake Stevenstad, MT 71595",001-452-496-7425x395
Dwayne Williams,794-56-8748,"193 James Land Suite 610
Robertshire, NV 99756",(763)145-8396
Kimberly Colon,634-43-6403,"USS Foster
FPO AA 47791",001-117-520-3117x8646
Sherry Salazar,156-69-8503,"200 Brandt Trafficway Suite 602
Lake Molly, DE 71578",632.659.0873x1486
Nathan Taylor,236-01-8463,"USCGC Gibson
FPO AP 12490",(626)809-4869x66429
Vincent Briggs,579-21-7856,"666 Oneal Port
Cynthiashire, CO 93838",550.694.2958x38883
Michael Woodard,491-80-9283,"1417 Johnson Bridge Apt. 694
South Jennifer, PA 71830",+1-954-663-3306x7481
Tiffany Mora,558-81-2533,"17740 William Trail Apt. 232
Aguilarhaven, DE 46768",+1-035-875-0170x28293
Katherine Thomas,786-80-1681,"89597 Castillo Route Apt. 325
South Troyhaven, CT 39064",009.773.3367
Sabrina Davis,407-62-0763,"286 Dougherty Pike
Whitneyhaven, FL 96813",7514086266
Colin Franklin,715-27-1394,"882 Alyssa Cliffs Apt. 404
Oneillhaven, IA 03093",+1-399-149-1413
Gabriel Mcdonald,595-42-0428,"8649 Thomas Radial
Candacestad, UT 24149",516-148-7464x58948
Nicolas Frey,175-35-8731,"691 Ricky Junctions Suite 347
New Victor, VT 28907",(192)090-1723
Lauren Marshall,418-13-0116,"4790 Curtis Fort Apt. 798
New Megan, MI 47683",(241)836-0318x496
Peter Kennedy,841-90-7789,"Unit 7548 Box 9905
DPO AP 63627",8075608898
